asin,text,title,location,date,verified,rating
3485a56f6e676,,,,,False,4.6
3485a56f6e676,,,,,False,
3485a56f6e676,,,,,False,
3485a56f6e676,,,,,False,
3485a56f6e676,,,,,False,
3485a56f6e676,,,,,False,
3485a56f6e676,GoodREAD MORE,Just wow!,", Bengaluru",9 months ago,True,5
3485a56f6e676,"Best smart phone under this price range compare to other phones in 2023 if you see overall build quality, performance and Camera with autofocus and video action mode are awesome50% extra RAM compared to iPhone 13 and other more features. Best time to upgrade to iPhone 14 . I am so happy See Low light photos are amazing..READ MORE",Fabulous!,", Debipur",10 months ago,True,5
3485a56f6e676,Nice camera but battery drain fast specially on video recordingREAD MORE,Great product,", Ramnagar",8 months ago,True,5
3485a56f6e676,"Damn such a great phone. Camera is really good, battery lasts long enough, super smooth even though its just 60 hz XDR display. Videos with action mode on are insanely stable and crisp.The night mode can take some really good shots jn low light conditions .The whole apple environment itself is so seamless. I shifted from android to iPhone and it barely took any time since I had iPad and a mac already. With a just a few clicks the phone was ready to go.READ MORE",Great product,", Rajgarh",9 months ago,True,5
3485a56f6e676,The best camera best design !!1st iphone 14 !!i tried all  conditions light photo the quality is best i was impressed with device battery backup is good perform is very impressive üî•READ MORE,Must buy!,", Latur",4 months ago,True,5
3485a56f6e676,"Amazing picture quality, awesome design, mind blowing display and fabulous performance and specially very handy phoneREAD MORE",Best in the market!,", North Twenty Four Parganas District","Oct, 2022",True,5
3485a56f6e676,Awesome üëçREAD MORE,Good quality product,", Bhubaneswar","Oct, 2022",True,4
3485a56f6e676,Nice UI and FastREAD MORE,Very Good,", Yenugonda",9 months ago,True,4
3485a56f6e676,Just awesome....‚ù§Ô∏èüôåüòåDisplay Camera Battery Processor....JUST WOW....‚ú®üíó‚ò∫Ô∏èREAD MORE,Must buy!,", Chhindwara",11 months ago,True,5
3485a56f6e676,Unboxing overall good experience üòäREAD MORE,Nice product,", Bengaluru",21 days ago,True,4
3485a56f6e676,,,,,False,
3485a56f6e676,,,,,False,4.6
3485a56f6e676,,,,,False,
3485a56f6e676,,,,,False,
3485a56f6e676,,,,,False,
3485a56f6e676,,,,,False,
3485a56f6e676,,,,,False,
3485a56f6e676,Unboxing overall good experience üòäREAD MORE,Nice product,", Bengaluru",21 days ago,True,4
3485a56f6e676,Reasons to get it over regular 13- 50 percent extra ram- Better camera sensors- Cinematic mode at 4k 30 fps (13 could only do     1080p 30fps)- Action mode for super stabilised videos- Better low light photos thanks to photonic engine- Better battery life - Extra gpu core for high graphics performance- New improved modem for fast and efficient mobile connectivity - Dual ambient light sensors - Better camera flash- Crash detection - Satellite connectivity (though currently not in I...READ MORE,Awesome,", Champawat",8 months ago,True,5
3485a56f6e676,"Excellent smart phone, Good battery backup and performance is very good, Good camera quality.READ MORE",Best in the market!,", Mahrajganj Mahrajganj District","Oct, 2022",True,5
3485a56f6e676,"The volume down button is struck and unable to volume up. The Flipkart team is saying it is open box delivery so they can't help.......how can we check the volume without opening/start the mobile, when i ask this question the customer support placing my call on hold and dropping my callREAD MORE",Waste of money!,", Rajahmundry",3 months ago,True,1
3485a56f6e676,Thanku filipkart best phone in the world ‚ù§Ô∏èREAD MORE,Terrific purchase,", Etawah",9 months ago,True,5
3485a56f6e676,Just perfect!!READ MORE,Mind-blowing purchase,", Navi Mumbai",9 months ago,True,5
3485a56f6e676,GoodREAD MORE,Perfect product!,", Anantapur",6 months ago,True,5
3485a56f6e676,Iphone 14 Nothing to say about it.... too Fast to furious... thank you Flipkart üëçREAD MORE,Terrific,", Ahmedabad","Oct, 2022",True,5
3485a56f6e676,"Amazing product, love the design and the feel is awesome Performance is very smooth.READ MORE",Wonderful,", Chhapra",4 months ago,True,5
3485a56f6e676,Amazing!pictures...üì∏ everything good üòçREAD MORE,Just wow!,", Kannur",5 months ago,True,5
3485a56f6e676,,,,,False,
3485a56f6e676,,,,,False,4.6
3485a56f6e676,,,,,False,
3485a56f6e676,,,,,False,
3485a56f6e676,,,,,False,
3485a56f6e676,,,,,False,
3485a56f6e676,,,,,False,
3485a56f6e676,The best camera best design !!1st iphone 14 !!i tried all  conditions light photo the quality is best i was impressed with device battery backup is good perform is very impressive üî•READ MORE,Must buy!,", Latur",4 months ago,True,5
3485a56f6e676,"Best smart phone under this price range compare to other phones in 2023 if you see overall build quality, performance and Camera with autofocus and video action mode are awesome50% extra RAM compared to iPhone 13 and other more features. Best time to upgrade to iPhone 14 . I am so happy See Low light photos are amazing..READ MORE",Fabulous!,", Debipur",10 months ago,True,5
3485a56f6e676,GoodREAD MORE,Just wow!,", Bengaluru",9 months ago,True,5
3485a56f6e676,"Damn such a great phone. Camera is really good, battery lasts long enough, super smooth even though its just 60 hz XDR display. Videos with action mode on are insanely stable and crisp.The night mode can take some really good shots jn low light conditions .The whole apple environment itself is so seamless. I shifted from android to iPhone and it barely took any time since I had iPad and a mac already. With a just a few clicks the phone was ready to go.READ MORE",Great product,", Rajgarh",9 months ago,True,5
3485a56f6e676,"Amazing picture quality, awesome design, mind blowing display and fabulous performance and specially very handy phoneREAD MORE",Best in the market!,", North Twenty Four Parganas District","Oct, 2022",True,5
3485a56f6e676,Nice UI and FastREAD MORE,Very Good,", Yenugonda",9 months ago,True,4
3485a56f6e676,Nice camera but battery drain fast specially on video recordingREAD MORE,Great product,", Ramnagar",8 months ago,True,5
3485a56f6e676,Just awesome....‚ù§Ô∏èüôåüòåDisplay Camera Battery Processor....JUST WOW....‚ú®üíó‚ò∫Ô∏èREAD MORE,Must buy!,", Chhindwara",11 months ago,True,5
3485a56f6e676,Awesome üëçREAD MORE,Good quality product,", Bhubaneswar","Oct, 2022",True,4
3485a56f6e676,Just amazing!READ MORE,Excellent,", Raigarh",10 months ago,True,5
3485a56f6e676,,,,,False,
